store,review_date,star_rating,app_version,device_model,platform_os,review_title,review_text
App Store,2025-06-02,2,2.310.0,iPhone 13,iOS 17.5,Text editing is so laggy,"Every time I move a text box it jumps around and lags behind my finger. Worked fine before the new editor, not sure what changed."
Google Play,2025-06-02,1,2.310.0,Samsung Galaxy A12,Android 11,App crashes constantly,"opens fine then crashes the second I tap on a template. tried reinstalling twice, same thing. my phone isnt THAT old"
App Store,2025-06-02,4,2.310.0,iPad (9th generation),iOS 17.7,Keyboard shortcuts please,Love having the new editor on my iPad but I use a keyboard case and none of the shortcuts work. Cmd+Z and Cmd+D would save me so much time. Would be 5 stars with that.
App Store,2025-06-03,1,2.310.0,iPhone 14,iOS 18.4,Export keeps failing,Tried to export my flyer as a PDF three times and it just sits at 99% then says something went wrong. Had to finish it on my laptop.
Google Play,2025-06-03,3,2.310.0,Pixel 8,Android 14,,Please bring the layers panel from desktop. On mobile I cant select the shape thats behind my photo without moving everything else around
App Store,2025-06-03,2,2.310.0,iPhone 12 mini,iOS 17.5,Surprise Pro elements,I spent 20 minutes on a poster and only when I hit download it told me half the elements were Pro. Why not show that before??
App Store,2025-06-03,1,2.310.0,iPhone 14,iOS 18.4,Export keeps failing,Tried to export my flyer as a PDF three times and it just sits at 99% then says something went wrong. Had to finish it on my laptop.
Google Play,2025-06-04,1,2.310.1,Motorola Moto G Power (2022),Android 12,,
Google Play,2025-06-04,2,2.310.1,Samsung Galaxy S23,Android 14,Video export stuck,"MP4 export gets stuck at 99% every single time. Tried with wifi and data, cleared cache, nothing works. I post reels for my bakery so this is a big problem"
App Store,2025-06-04,1,2.310.1,iPhone 11,iOS 16.7,Crashes on iPhone 11,Since updating the app closes itself whenever I add more than a couple of photos to a design. Lost my work twice. This never happened on the old version.
App Store,2025-06-05,3,2.310.1,iPhone 15 Pro,iOS 18.4,Brand kit on mobile?,The new editor looks great but I can't find my brand kit anywhere. I have to type in our hex codes by hand every time. Please add brand kit to mobile
Google Play,2025-06-05,2,2.310.1,Samsung Galaxy Tab A8,Android 13,Typing delay,Typing in a text box has like a one second delay on every letter since the update. Unusable for captions.
App Store,2025-06-05,2,2.310.1,iPhone SE (2nd generation),iOS 16.7,Which stuff is free??,there's no way to tell which fonts and graphics are Pro until you try to save. I'm on free and ended up redoing my whole invite. put a crown on them or something
App Store,2025-06-06,1,2.310.1,iPad Air (5th generation),iOS 18.3,Bad update,"    "
Google Play,2025-06-06,1,2.311.0,OnePlus Nord N20 5G,Android 12,Export fails and lags,PDF export fails at the very end and the whole app is laggy when I drag text around. Uninstalling until its fixed.
App Store,2025-06-06,2,2.311.0,iPhone 11,iOS 17.5,Freezes then crashes,freezes for a few seconds whenever I open a design with a lot of text and then crashes. my iPhone 11 is just not usable with this version
Google Play,2025-06-07,1,2.311.0,Pixel 6a,Android 14,,"text boxes are SO slow now. i type a word and it shows up a second later, and moving the box around is choppy. please fix"
App Store,2025-06-07,4,2.311.0,iPhone 13,iOS 18.4,Background remover on free?,"Really like the new editor, it's way faster to find templates. Only wish the background remover was on the free plan, even a few uses a month would be nice"
Google Play,2025-06-07,1,2.311.0,Pixel 6a,Android 14,,"text boxes are SO slow now. i type a word and it shows up a second later, and moving the box around is choppy. please fix"
Google Play,2025-06-08,2,2.311.0,Samsung Galaxy A32,Android 13,,Designed a whole flyer then got told I need Pro to download it because of one sticker. Would be nice to know that up front. Also the export to PDF took forever
App Store,2025-06-08,1,2.311.0,iPhone XR,iOS 17.6,MP4 export stalls,"Exporting my slideshow as MP4 stalls at 99% and never finishes. Waited 15 minutes, closed the app, tried again, same result. Please fix this ASAP"
Google Play,2025-06-08,3,2.311.0,Pixel 7,Android 14,,I used background remover in the editor thinking it was free and only found out it's Pro when I tried to download. Please make it free or at least say so first